#,Artist Name,Streams,Tracks,1b+,100m+,10m+,1m+,Last Update
1,Drake,"33,723,846,451",222,3,90,207,218,2010-02-20
2,Ed Sheeran,"26,164,166,937",204,5,49,140,174,2010-02-20
3,Post Malone,"21,230,909,747",63,8,47,57,60,2010-02-20
4,Eminem,"19,964,523,349",265,0,45,197,238,2010-02-20
5,Ariana Grande,"19,471,692,387",167,2,44,93,143,2010-02-20
6,Justin Bieber,"18,413,292,635",187,5,37,131,152,2010-02-20
7,The Weeknd,"18,126,102,439",124,4,46,112,121,2010-02-20
8,J Balvin,"17,889,483,333",195,2,46,111,177,2010-02-20
9,Bad Bunny,"17,102,792,107",117,1,49,111,117,2010-02-20
10,Kanye West,"14,916,429,653",206,0,41,157,178,2010-02-20
11,Khalid,"14,822,630,358",88,2,26,75,86,2010-01-20
12,Ozuna,"14,626,141,439",170,1,38,109,154,2010-02-20
13,Coldplay,"14,501,508,428",271,1,23,147,243,2010-02-20
14,Rihanna,"14,365,539,546",385,0,38,103,202,2010-02-20
15,XXXTENTACION,"14,196,566,834",130,3,28,90,110,2010-02-20
16,Imagine Dragons,"14,187,671,400",122,4,28,91,115,2010-02-20
17,Taylor Swift,"13,723,894,009",388,1,32,146,201,2010-02-20
18,Maroon 5,"13,576,012,504",247,2,24,94,179,2010-02-20
19,Travis Scott,"13,464,118,048",103,2,36,85,93,2010-02-20
20,Calvin Harris,"13,371,829,724",243,2,25,80,169,2010-02-20
21,Billie Eilish,"13,368,896,311",44,2,34,39,43,2010-02-20
22,Shawn Mendes,"13,013,025,754",98,4,24,74,97,2010-02-20
23,David Guetta,"12,459,777,963",628,0,32,105,299,2010-02-20
24,The Chainsmokers,"12,316,283,974",177,3,21,69,149,2010-02-20
25,Daddy Yankee,"12,149,488,468",240,2,31,75,161,2010-02-20
26,BTS,"11,920,975,689",227,0,40,147,221,2010-02-20
27,Sam Smith,"11,875,078,486",118,2,25,65,109,2010-02-20
28,Kendrick Lamar,"11,761,289,105",101,1,30,87,98,2010-02-20
29,Dua Lipa,"11,003,745,535",172,4,19,57,113,2010-02-20
30,Juice WRLD,"10,920,612,954",89,1,33,86,87,2010-02-20
31,Queen,"10,918,119,670",606,1,17,80,360,2010-02-20
32,Bruno Mars,"10,917,760,764",70,1,24,49,59,2010-02-20
33,Beyoncé,"10,686,033,094",385,0,23,136,239,2010-02-20
34,Chris Brown,"10,583,793,673",377,0,30,156,302,2010-02-20
35,Future,"10,581,179,136",404,0,18,171,299,2010-02-20
36,Nicki Minaj,"10,455,487,925",145,0,25,98,134,2009-10-20
37,Sia,"9,978,399,427",291,2,19,83,182,2010-02-20
38,Halsey,"9,908,357,759",129,3,20,75,98,2010-02-20
39,Selena Gomez,"9,747,760,433",111,2,17,58,95,2010-02-20
40,One Direction,"9,691,778,163",123,0,26,96,115,2010-02-20
41,Twenty One Pilots,"9,524,314,433",101,3,30,60,91,2010-02-20
42,Lady Gaga,"9,432,126,134",301,1,22,101,162,2010-02-20
43,Kygo,"9,317,956,355",97,1,22,66,94,2010-02-20
44,Avicii,"9,289,856,902",260,1,16,80,154,2010-02-20
45,J. Cole,"9,233,517,891",136,0,23,92,114,2010-02-20
46,The Beatles,"8,825,649,427",723,0,17,151,377,2010-02-20
47,Linkin Park,"8,750,307,903",329,0,17,95,268,2010-02-20
48,Camila Cabello,"8,688,155,328",50,2,22,39,45,2010-02-20
49,Marshmello,"8,620,429,860",129,1,14,70,115,2010-01-20
50,Anuel AA,"8,465,995,017",114,0,20,85,102,2010-02-20
51,Lil Uzi Vert,"8,184,186,646",101,1,21,94,99,2010-02-20
52,Katy Perry,"8,133,104,800",194,0,24,70,128,2010-02-20
53,Adele,"8,124,586,098",61,1,17,43,56,2010-02-20
54,Maluma,"8,029,348,998",153,0,22,88,143,2010-02-20
55,Lana Del Rey,"7,527,784,095",169,0,17,90,121,2010-02-20
56,Nicky Jam,"7,476,290,817",176,0,20,74,126,09/30/20
57,Jason Derulo,"7,461,099,747",183,0,19,55,110,2010-02-20
58,Wiz Khalifa,"7,354,287,434",401,1,15,98,271,2010-02-20
59,Red Hot Chili Peppers,"7,327,734,937",240,0,11,102,193,2010-02-20
60,Martin Garrix,"7,246,204,762",190,0,14,70,144,2010-02-20
61,Shakira,"7,209,608,150",233,0,15,76,179,2010-02-20
62,Major Lazer,"7,206,571,482",240,2,12,54,148,2010-02-20
63,Demi Lovato,"7,173,005,295",204,0,18,66,138,2010-02-20
64,G-Eazy,"7,001,868,028",184,0,13,102,178,09/29/20
65,Ellie Goulding,"6,921,468,854",192,0,16,62,123,2010-02-20
66,Farruko,"6,846,939,982",253,0,22,88,215,2010-01-20
67,Zedd,"6,635,613,381",144,0,14,36,92,2010-02-20
68,Panic! At The Disco,"6,604,471,903",142,0,18,76,126,2010-02-20
69,Charlie Puth,"6,560,566,081",98,3,9,48,78,2010-02-20
70,Arctic Monkeys,"6,538,552,444",115,0,14,79,113,2010-02-20
71,Lil Wayne,"6,511,008,769",565,0,16,96,271,2010-02-20
72,Pitbull,"6,455,571,167",419,0,18,71,193,2010-02-20
73,OneRepublic,"6,448,801,892",143,1,18,63,115,2010-02-20
74,Michael Jackson,"6,328,130,195",311,0,17,81,230,2010-02-20
75,Logic,"6,288,614,457",133,0,10,106,132,2010-02-20
76,Migos,"6,205,200,509",238,0,13,66,152,09/28/20
77,Fall Out Boy,"6,153,702,614",212,0,13,83,161,09/30/20
78,DJ Snake,"6,019,209,802",136,2,9,38,86,2010-02-20
79,Tyga,"6,007,055,616",291,0,15,82,242,2010-01-20
80,John Mayer,"5,940,016,956",189,0,12,103,159,2010-01-20
81,Alan Walker,"5,793,939,093",116,1,14,49,94,2010-01-20
82,Cardi B,"5,757,273,067",57,1,13,38,56,2010-02-20
83,Zara Larsson,"5,723,965,281",108,0,11,39,85,2010-02-20
84,Metallica,"5,552,187,965",700,0,9,92,244,2010-02-20
85,Young Thug,"5,470,402,054",306,0,12,97,169,2010-02-20
86,Lauv,"5,460,351,594",92,1,15,51,83,2010-02-20
87,Sebastian Yatra,"5,451,675,087",85,0,17,55,80,2010-02-20
88,Diplo,"5,451,545,251",337,0,14,64,164,2010-02-20
89,21 Savage,"5,421,088,476",119,0,14,61,98,2010-01-20
90,Kodak Black,"5,386,717,560",180,0,11,71,158,2010-01-20
91,P!nk,"5,353,812,180",203,0,14,66,142,2010-02-20
92,Robin Schulz,"5,326,023,229",194,0,12,41,117,2010-01-20
93,Miley Cyrus,"5,324,106,643",150,0,11,60,125,2010-02-20
94,A$AP Rocky,"5,261,722,697",73,0,14,63,68,2010-02-20
95,Clean Bandit,"5,244,433,354",177,1,8,27,102,09/27/20
96,5 Seconds of Summer,"5,235,480,103",158,1,8,83,156,2010-02-20
97,Justin Timberlake,"5,218,441,610",160,1,12,59,102,2010-02-20
98,A Boogie Wit da Hoodie,"5,168,971,839",119,0,12,83,117,2010-02-20
99,Luis Fonsi,"4,977,871,405",200,2,9,26,102,2010-02-20
100,Jonas Blue,"4,973,862,749",135,0,9,30,77,2010-02-20
101,Bebe Rexha,"4,967,050,416",80,0,12,41,69,2010-02-20
102,Bob Marley & The Wailers,"4,945,244,303",653,0,10,64,333,09/30/20
103,James Arthur,"4,938,706,600",103,1,9,42,91,2010-01-20
104,Mac Miller,"4,932,219,707",192,0,10,102,172,2010-02-20
105,Little Mix,"4,925,793,495",167,0,12,79,124,08/25/20
106,Green Day,"4,908,310,363",351,0,8,64,277,2010-02-20
107,AC/DC,"4,901,763,308",296,0,9,56,209,2010-02-20
108,Romeo Santos,"4,896,155,563",103,0,14,70,98,2010-01-20
109,DJ Khaled,"4,885,605,304",139,0,9,48,103,2010-02-20
110,Anne-Marie,"4,799,512,419",93,1,8,29,65,2010-01-20
111,Lil Baby,"4,768,012,898",136,0,11,74,120,2010-02-20
112,Frank Ocean,"4,748,264,321",46,0,16,46,46,2010-01-20
113,KAROL G,"4,747,847,209",63,0,14,37,57,2010-02-20
114,Skrillex,"4,652,449,781",142,0,11,60,128,2010-02-20
115,Harry Styles,"4,646,898,935",25,0,13,24,24,2010-02-20
116,Flo Rida,"4,639,531,175",264,0,10,35,89,2010-02-20
117,ZAYN,"4,618,604,359",71,0,11,44,70,2010-02-20
118,Bastille,"4,588,990,378",178,1,8,58,131,09/29/20
119,Enrique Iglesias,"4,557,167,572",295,0,11,66,163,09/19/20
120,Childish Gambino,"4,549,687,536",85,0,10,58,78,2010-02-20
121,Sech,"4,549,046,044",94,0,13,47,79,2010-01-20
122,JAY-Z,"4,548,024,176",306,0,10,62,207,2010-02-20
123,Big Sean,"4,547,659,520",123,0,12,62,114,2010-02-20
124,Pink Floyd,"4,545,726,894",421,0,8,83,238,2010-02-20
125,Metro Boomin,"4,519,331,053",96,0,10,57,74,2010-01-20
126,Trippie Redd,"4,513,243,345",124,0,12,91,114,2010-02-20
127,NF,"4,503,829,182",70,0,9,69,70,09/30/20
128,French Montana,"4,463,164,987",352,1,9,49,120,2010-02-20
129,Michael Bublé,"4,417,182,511",215,0,11,73,176,2010-01-20
130,Russ,"4,411,505,475",301,0,10,88,195,2010-02-20
131,Ty Dolla $ign,"4,402,108,698",144,0,10,61,121,2010-02-20
132,The Rolling Stones,"4,399,080,112",968,0,9,55,311,09/24/20
133,Alessia Cara,"4,351,883,431",101,0,8,33,66,2010-02-20
134,Tiësto,"4,345,620,128",681,0,9,60,268,2010-02-20
135,blackbear,"4,337,962,546",143,0,7,81,125,09/23/20
136,Nirvana,"4,226,075,138",289,0,9,48,205,2010-02-20
137,Guns N' Roses,"4,215,938,210",132,0,8,39,101,2010-02-20
138,Lil Peep,"4,198,617,109",81,0,12,52,80,2010-02-20
139,Rae Sremmurd,"4,190,092,782",60,0,12,40,59,2010-02-20
140,John Legend,"4,165,460,057",215,1,6,48,161,2010-01-20
141,DaBaby,"4,152,192,105",118,0,10,54,98,2010-02-20
142,Macklemore,"4,126,633,690",82,0,9,38,75,2010-01-20
143,Luis Miguel,"4,113,590,877",311,0,6,77,259,2010-02-20
144,Reik,"4,069,991,046",148,0,11,52,122,2010-01-20
145,YoungBoy Never Broke Again,"4,064,902,724",233,0,5,108,229,2010-02-20
146,Gucci Mane,"4,053,868,597","2,094",0,5,69,266,2010-02-20
147,Glee Cast,"4,050,764,006",843,0,0,97,649,06/16/20
148,Anitta,"4,042,182,131",133,0,11,62,124,2010-02-20
149,2Pac,"4,041,576,846",367,0,11,69,232,2010-02-20
150,6ix9ine,"4,033,407,987",58,0,15,34,52,2010-01-20
151,Mumford & Sons,"4,031,857,666",120,0,6,63,104,2010-02-20
152,Lewis Capaldi,"4,019,732,707",44,1,5,26,39,2010-01-20
153,Rita Ora,"4,002,630,403",125,0,10,30,71,2010-02-20
154,David Bowie,"3,997,103,927","1,067",0,8,47,266,2010-02-20
155,Elton John,"3,996,471,539",800,0,11,41,170,2010-02-20
156,Usher,"3,990,227,391",247,0,13,45,152,2010-02-20
157,Meek Mill,"3,989,892,204",419,0,7,79,158,2010-01-20
158,Black Eyed Peas,"3,980,587,286",231,0,10,29,117,2010-02-20
159,Jess Glynne,"3,946,571,257",103,0,11,28,68,09/29/20
160,Banda MS de Sergio Lizárraga,"3,935,996,430",215,0,9,77,186,2010-01-20
161,Hozier,"3,927,137,279",60,1,9,40,60,2010-02-20
162,blink-182,"3,912,745,532",194,0,8,80,162,2010-01-20
163,Lorde,"3,912,352,213",37,0,11,30,35,2010-02-20
164,Meghan Trainor,"3,902,239,581",117,0,10,45,94,2010-02-20
165,The Killers,"3,872,245,981",178,0,7,52,104,2010-02-20
166,Foo Fighters,"3,865,701,668",211,0,9,61,146,09/30/20
167,Fleetwood Mac,"3,863,100,635",748,0,10,36,191,2010-02-20
168,Britney Spears,"3,860,801,742",284,0,9,48,166,2010-02-20
169,Hailee Steinfeld,"3,855,650,011",33,0,8,18,26,2010-02-20
170,50 Cent,"3,800,526,995",180,0,11,50,117,2010-02-20
171,Fifth Harmony,"3,792,735,341",77,1,7,45,73,2010-02-20
172,The 1975,"3,786,636,256",137,0,9,70,126,2010-02-20
173,Cheat Codes,"3,768,926,312",107,0,7,33,73,09/30/20
174,Gorillaz,"3,746,472,736",262,0,6,75,177,2010-01-20
175,Mariah Carey,"3,716,717,538",541,0,8,57,212,2010-02-20
176,Daft Punk,"3,699,688,284",171,0,8,65,130,09/30/20
177,Muse,"3,698,980,789",230,0,9,76,166,2010-02-20
178,"Tyler, The Creator","3,665,345,738",132,0,8,66,88,2010-02-20
179,U2,"3,661,041,673",476,0,6,65,268,2010-02-20
180,Tory Lanez,"3,659,442,093",172,0,12,68,140,2010-02-20
181,Led Zeppelin,"3,654,517,182",237,0,9,58,179,2010-02-20
182,Snoop Dogg,"3,585,140,290",711,0,8,44,209,2007-10-20
183,Felix Jaehn,"3,560,207,580",141,1,7,31,72,2010-01-20
184,Sean Paul,"3,549,130,972",275,0,9,38,128,09/29/20
185,Bazzi,"3,547,928,805",36,0,9,30,36,2010-01-20
186,Jack Johnson,"3,539,073,293",201,0,5,68,168,09/25/20
187,Troye Sivan,"3,525,528,421",90,0,9,43,75,08/30/20
188,Becky G,"3,525,101,700",71,0,9,35,71,2010-02-20
189,System Of A Down,"3,518,046,035",81,0,6,58,76,2010-02-20
190,Lil Pump,"3,504,431,626",51,0,8,37,49,2010-02-20
191,Radiohead,"3,483,615,388",212,0,6,74,189,2010-02-20
192,Julia Michaels,"3,481,698,378",54,0,7,28,51,2010-02-20
193,Marília Mendonça,"3,464,070,363",87,0,9,64,85,2010-02-20
194,Disclosure,"3,428,836,806",143,0,7,41,106,2010-02-20
195,The Notorious B.I.G.,"3,403,131,669",154,0,6,44,115,2010-02-20
196,Gunna,"3,381,413,386",128,0,7,62,116,2010-02-20
197,Elvis Presley,"3,343,519,062","1,869",0,7,53,281,08/24/20
198,The Script,"3,337,549,184",105,0,6,47,83,09/27/20
199,Kid Cudi,"3,337,346,678",133,0,7,57,116,09/26/20
200,Tove Lo,"3,329,426,114",141,0,5,52,101,2010-02-20
201,Kings of Leon,"3,329,270,178",110,0,5,62,94,09/30/20
202,Paulo Londra,"3,324,219,501",28,0,10,28,28,2010-01-20
203,Luke Bryan,"3,322,292,067",150,0,9,58,119,2010-02-20
204,Florence + The Machine,"3,305,777,182",158,0,5,70,126,2010-01-20
205,Alesso,"3,301,455,281",99,0,7,31,79,2010-02-20
206,Frank Sinatra,"3,296,003,323","1,826",0,5,55,251,08/24/20
207,Florida Georgia Line,"3,295,286,963",129,0,11,54,84,2010-01-20
208,BLACKPINK,"3,294,292,590",78,0,12,30,65,2010-02-20
209,Oasis,"3,289,610,050",252,0,6,38,168,2010-02-20
210,$uicideBoy$,"3,288,853,891",285,0,3,73,269,2010-01-20
211,Paramore,"3,273,829,441",111,0,8,64,93,2010-02-20
212,Ne-Yo,"3,272,916,629",208,0,11,32,126,09/30/20
213,Jason Mraz,"3,262,389,795",236,1,4,39,136,09/30/20
214,Five Finger Death Punch,"3,257,483,605",136,0,6,82,132,2010-01-20
215,Fetty Wap,"3,253,429,957",96,0,7,37,71,2010-02-20
216,Slipknot,"3,224,975,756",205,0,7,54,164,09/30/20
217,Zion & Lennox,"3,189,539,198",116,0,8,34,78,2010-01-20
218,Jorge & Mateus,"3,184,579,590",226,0,4,65,213,2010-02-20
219,Machine Gun Kelly,"3,178,973,401",102,0,7,61,97,2010-02-20
220,Macklemore & Ryan Lewis,"3,176,214,931",48,1,6,29,48,07/31/20
221,Chance the Rapper,"3,162,392,953",79,0,10,38,76,2010-02-20
222,The Lumineers,"3,161,307,284",64,0,8,41,61,09/29/20
223,Bon Jovi,"3,159,953,371",391,0,7,28,157,2010-01-20
224,Manuel Turizo,"3,147,458,305",41,0,9,27,39,2010-01-20
225,Alicia Keys,"3,144,464,867",196,0,5,45,143,2010-02-20
226,Piso 21,"3,141,536,702",61,0,10,22,54,09/30/20
227,Roddy Ricch,"3,140,557,717",36,1,10,28,35,2010-02-20
228,Galantis,"3,099,977,324",202,0,6,38,115,09/22/20
229,Nickelback,"3,068,087,206",113,0,8,51,98,09/30/20
230,Flume,"3,063,161,035",126,0,6,49,114,09/30/20
231,Seeb,"3,050,667,816",83,1,6,22,56,09/29/20
232,Rauw Alejandro,"3,045,957,908",117,0,11,44,80,2010-02-20
233,Capital Bra,"3,034,061,924",218,0,4,61,165,2010-02-20
234,Bryson Tiller,"3,019,663,147",54,0,7,36,46,2010-02-20
235,Steve Aoki,"3,016,843,075",465,0,5,53,202,09/30/20
236,Myke Towers,"3,015,699,702",108,0,10,44,92,2010-01-20
237,Tame Impala,"3,008,426,056",97,0,6,50,86,2010-02-20
238,Kevin Gates,"3,005,050,318",229,0,4,81,185,09/29/20
239,James Bay,"2,994,821,495",66,0,7,38,58,2010-02-20
240,Don Omar,"2,966,934,795",171,0,6,40,105,2010-01-20
241,Luke Combs,"2,965,579,613",49,0,7,44,49,2010-02-20
242,Kehlani,"2,960,269,200",95,0,8,59,84,2010-02-20
243,YG,"2,939,654,164",164,0,8,52,110,09/30/20
244,SZA,"2,926,434,280",31,0,7,25,31,2010-02-20
245,Bruce Springsteen,"2,922,552,961",696,0,7,38,318,2010-02-20
246,NAV,"2,921,418,946",95,0,8,58,95,2010-02-20
247,Creedence Clearwater Revival,"2,918,290,727",154,0,7,29,115,09/30/20
248,Lil Skies,"2,909,392,329",52,0,6,43,51,2010-02-20
249,Disturbed,"2,902,498,332",173,0,5,58,144,09/28/20
250,Madonna,"2,899,151,427",610,0,7,60,289,2010-02-20
251,Thomas Rhett,"2,894,012,776",128,0,11,39,78,09/30/20
252,Dalex,"2,875,387,233",93,0,8,32,68,09/29/20
253,Vance Joy,"2,864,430,592",93,1,6,31,56,09/29/20
254,Melanie Martinez,"2,864,127,110",72,0,9,38,71,2010-02-20
255,Lil Nas X,"2,861,995,827",13,1,5,13,13,2010-02-20
256,Johnny Cash,"2,854,141,793","1,530",0,6,46,208,09/17/20
257,Natti Natasha,"2,837,308,804",49,0,7,30,48,2010-02-20
258,Labrinth,"2,836,232,310",117,0,9,32,83,2010-01-20
259,6LACK,"2,824,152,023",65,0,4,47,63,2010-02-20
260,Rammstein,"2,816,001,986",226,0,3,62,158,09/26/20
261,R3HAB,"2,808,317,019",347,0,2,68,213,2010-01-20
262,Whitney Houston,"2,807,561,890",304,0,5,33,127,2010-02-20
263,My Chemical Romance,"2,801,494,162",135,0,7,49,112,09/30/20
264,Amy Winehouse,"2,796,159,274",128,0,6,48,87,2010-01-20
265,Jennifer Lopez,"2,793,658,996",276,0,5,43,112,2010-02-20
266,Miguel,"2,780,709,257",123,0,5,44,103,09/28/20
267,Henrique & Juliano,"2,777,176,385",139,0,3,81,135,2010-01-20
268,Pearl Jam,"2,764,149,323",402,0,7,44,214,09/30/20
269,Kelly Clarkson,"2,757,753,307",325,0,6,38,129,2010-02-20
270,Kane Brown,"2,735,307,451",85,0,6,38,72,2010-02-20
271,Zé Neto & Cristiano,"2,726,658,544",138,0,7,62,118,2010-01-20
272,Jeremih,"2,721,164,190",99,0,7,29,86,2010-02-20
273,Ava Max,"2,719,886,120",82,1,6,21,42,2010-02-20
274,George Ezra,"2,712,636,625",57,0,6,32,50,2010-02-20
275,Stevie Wonder,"2,704,984,929",518,0,5,41,139,2010-02-20
276,Aerosmith,"2,688,574,428",271,0,8,23,128,2010-02-20
277,The Neighbourhood,"2,684,231,274",81,0,5,47,74,09/30/20
278,Trey Songz,"2,673,988,144",249,0,5,52,162,2010-01-20
279,Christina Aguilera,"2,669,412,597",259,0,7,33,146,09/30/20
280,Swae Lee,"2,663,819,217",49,0,7,26,46,09/30/20
281,Avril Lavigne,"2,658,056,808",129,0,8,43,95,2010-02-20
282,Jonas Brothers,"2,646,395,279",102,0,5,32,81,2010-02-20
283,Niall Horan,"2,640,294,962",64,0,6,28,57,2010-02-20
284,Alejandro Fernández,"2,640,110,580",311,0,2,52,207,09/29/20
285,2 Chainz,"2,637,152,834",297,0,6,44,142,2009-06-20
286,Kid Ink,"2,609,243,089",171,0,5,35,126,09/28/20
287,RAF Camora,"2,609,189,136",374,0,3,65,137,09/28/20
288,Wisin & Yandel,"2,604,671,916",282,0,5,50,134,2009-12-20
289,Morat,"2,603,126,032",52,0,4,48,52,2010-02-20
290,Backstreet Boys,"2,593,651,532",142,0,6,35,118,2010-02-20
291,Lukas Graham,"2,583,833,108",59,1,3,22,54,2010-02-20
292,Passenger,"2,576,558,057",224,1,1,34,156,09/29/20
293,Kesha,"2,573,623,652",131,0,5,33,95,2010-02-20
294,Jessie J,"2,569,330,794",137,0,5,24,89,2010-02-20
295,ScHoolboy Q,"2,566,670,749",97,0,6,47,96,2010-01-20
296,Avenged Sevenfold,"2,564,409,138",166,0,6,57,122,2010-01-20
297,Dr. Dre,"2,563,789,483",81,0,6,24,64,2010-01-20
298,Three Days Grace,"2,550,990,306",89,0,6,50,85,2010-02-20
299,ABBA,"2,543,107,615",172,0,7,37,117,2010-02-20
300,Jason Aldean,"2,540,852,570",150,0,4,47,132,09/22/20
301,Joji,"2,527,685,163",52,0,6,27,50,2010-02-20
302,Maná,"2,526,393,399",223,0,6,46,141,09/15/20
303,YNW Melly,"2,507,736,227",67,0,8,23,64,2010-02-20
304,CNCO,"2,499,854,335",53,0,4,33,52,2010-02-20
305,Prince Royce,"2,498,676,835",119,0,4,45,106,09/30/20
306,Armin van Buuren,"2,494,171,895","1,875",0,3,38,265,06/14/20
307,Mark Ronson,"2,486,089,731",167,1,4,18,76,2010-02-20
308,Yandel,"2,476,150,404",152,0,6,44,117,2010-02-20
309,Bring Me The Horizon,"2,466,381,624",110,0,5,51,102,2010-02-20
310,Hans Zimmer,"2,448,044,315","1,145",0,2,51,401,2009-04-20
311,Rudimental,"2,443,065,442",188,0,5,26,101,2010-01-20
312,James Blunt,"2,442,687,352",184,0,5,38,108,09/19/20
313,Tones And I,"2,414,167,232",13,1,2,9,13,2010-02-20
314,Matheus & Kauan,"2,408,344,400",135,0,5,57,126,2009-08-20
315,Akon,"2,400,043,918",199,0,7,32,104,2009-05-20
316,The Offspring,"2,382,623,915",141,0,6,36,110,09/30/20
317,Arcangel,"2,378,883,904",163,0,6,41,126,09/30/20
318,Doja Cat,"2,377,331,045",51,0,6,26,43,2010-02-20
319,Foster The People,"2,376,837,205",74,0,4,32,56,09/28/20
320,Quavo,"2,371,417,598",71,0,5,42,59,2010-02-20
321,Lin-Manuel Miranda,"2,364,745,121",49,0,4,36,48,2010-01-20
322,Gusttavo Lima,"2,362,919,361",234,0,3,59,154,2010-01-20
323,Train,"2,362,064,167",161,0,5,18,78,09/28/20
324,PARTYNEXTDOOR,"2,355,717,438",73,0,7,40,71,2010-01-20
325,Alejandro Sanz,"2,350,771,028",372,0,5,44,185,09/30/20
326,Billy Joel,"2,348,537,418",380,0,5,31,109,09/30/20
327,Bob Dylan,"2,339,695,209","1,012",0,4,36,272,09/28/20
328,Eagles,"2,338,686,362",158,0,4,30,113,2010-02-20
329,Dan + Shay,"2,327,926,113",68,0,7,32,51,2010-01-20
330,Sam Hunt,"2,326,258,450",57,0,6,26,52,09/30/20
331,Pentatonix,"2,321,435,320",154,0,1,81,134,09/30/20
332,alt-J,"2,315,144,874",142,0,4,35,89,09/26/20
333,The Strokes,"2,301,866,605",87,0,5,52,75,09/30/20
334,Lizzo,"2,301,030,424",63,0,6,23,44,2010-02-20
335,Liam Payne,"2,300,033,993",47,0,6,14,35,2010-02-20
336,Bon Iver,"2,290,499,899",54,0,3,40,51,09/28/20
337,Phil Collins,"2,287,481,056",300,0,7,27,114,09/30/20
338,Alok,"2,282,542,474",121,0,6,39,71,2010-02-20
339,Justin Quiles,"2,281,718,629",132,0,6,42,96,2010-01-20
340,Offset,"2,278,796,706",39,0,7,26,30,2010-02-20
341,Céline Dion,"2,273,769,157",502,0,2,39,219,2010-02-20
342,Marc Anthony,"2,269,502,851",199,0,5,40,129,08/30/20
343,Ricardo Arjona,"2,259,092,241",314,0,1,61,245,2009-04-20
344,Playboi Carti,"2,255,776,609",55,0,3,37,43,2010-02-20
345,Pop Smoke,"2,253,098,630",63,0,4,45,63,2010-02-20
346,Camilo,"2,248,131,589",19,0,8,18,19,2010-02-20
347,Lil Mosey,"2,246,786,769",38,0,4,23,36,2010-02-20
348,The Black Keys,"2,240,407,199",139,0,4,42,125,09/28/20
349,Ricky Martin,"2,230,002,102",287,0,4,38,124,09/30/20
350,Mike Posner,"2,210,184,870",164,1,2,17,59,09/29/20
351,Lil Yachty,"2,197,214,076",150,0,4,43,129,2010-02-20
352,Zac Brown Band,"2,172,517,307",123,0,5,37,92,09/13/20
353,The Vamps,"2,169,962,899",157,0,4,29,106,09/30/20
354,Rise Against,"2,167,941,700",162,0,4,43,152,09/30/20
355,Lost Frequencies,"2,163,879,739",383,0,5,23,105,2009-07-20
356,Marvin Gaye,"2,152,246,216",698,0,6,21,91,2010-02-20
357,Blake Shelton,"2,149,397,715",186,0,5,37,115,09/28/20
358,A$AP Ferg,"2,147,220,148",93,0,6,41,83,09/30/20
359,Carlos Vives,"2,145,656,931",221,0,3,27,118,09/30/20
360,Birdy,"2,143,003,297",84,0,6,37,74,2010-01-20
361,Hillsong Worship,"2,130,938,719",810,0,0,49,258,2010-01-20
362,Sigala,"2,129,091,595",98,0,7,25,59,2010-02-20
363,The xx,"2,121,823,104",76,0,5,36,66,09/28/20
364,Nelly,"2,118,085,080",193,0,6,21,77,09/30/20
365,Wesley Safadão,"2,117,534,285",227,0,3,39,201,2010-02-20
366,Charli XCX,"2,108,810,771",199,0,6,32,122,2010-02-20
367,Lenny Tavárez,"2,107,153,135",65,0,7,32,60,2010-01-20
368,Grey,"2,100,165,991",42,0,2,7,21,09/26/20
369,La Arrolladora Banda El Limón De Rene Camacho,"2,091,043,073",350,0,2,52,206,09/28/20
370,BROCKHAMPTON,"2,086,860,850",94,0,2,57,91,09/28/20
371,Wisin,"2,085,950,021",96,0,6,29,80,09/30/20
372,Dire Straits,"2,084,331,922",104,0,5,29,92,2010-02-20
373,Pablo Alborán,"2,082,631,615",152,0,3,50,137,09/29/20
374,JP Cooper,"2,082,388,690",105,0,3,22,73,09/28/20
375,OutKast,"2,069,228,933",184,0,3,18,123,09/30/20
376,Daniel Caesar,"2,068,965,688",36,0,4,29,35,09/22/20
377,Cartel De Santa,"2,059,361,050",124,0,2,45,120,08/30/20
378,Jul,"2,052,682,373",464,0,0,41,427,09/30/20
379,Carly Rae Jepsen,"2,048,851,613",148,0,4,25,96,2010-02-20
380,Iggy Azalea,"2,046,614,140",100,0,5,23,62,2010-01-20
381,Sam Feldt,"2,037,056,662",168,0,4,43,100,2010-02-20
382,Matoma,"2,036,817,174",111,0,4,26,72,09/15/20
383,John Williams,"2,034,800,416","1,781",0,1,23,277,09/17/20
384,Dean Lewis,"2,031,315,479",34,0,4,19,32,2010-02-20
385,Lil Tecca,"2,022,341,540",42,0,5,22,37,2010-02-20
386,T.I.,"2,017,263,090",356,0,5,30,168,07/29/20
387,Jon Bellion,"2,016,152,500",83,0,2,40,79,09/28/20
388,Iron Maiden,"2,013,910,390",321,0,4,33,237,09/29/20
389,Sum 41,"2,013,138,993",167,0,5,26,111,2005-02-20
390,Why Don't We,"2,012,070,786",73,0,7,38,66,08/30/20
391,benny blanco,"2,011,730,054",16,1,5,8,11,2010-01-20
392,Juanes,"2,010,930,217",190,0,4,32,106,09/30/20
393,ILLENIUM,"2,007,709,387",161,0,4,41,108,09/29/20
394,Skillet,"2,005,331,425",189,0,4,39,101,2009-12-20
395,H.E.R.,"2,004,136,245",64,0,4,36,60,2010-01-20
396,Bryan Adams,"1,998,991,788",356,0,3,23,105,2010-01-20
397,Hillsong UNITED,"1,998,142,761",326,0,1,49,220,2010-01-20
398,Bradley Cooper,"1,984,670,416",10,1,2,10,10,2010-02-20
399,Rich The Kid,"1,980,264,808",99,0,4,33,82,09/29/20
400,Jhené Aiko,"1,965,428,187",86,0,3,44,83,2010-02-20
401,The Doors,"1,964,397,100",647,0,5,35,124,2010-01-20
402,Years & Years,"1,964,277,797",102,0,7,25,70,09/29/20
403,Danny Ocean,"1,961,630,969",37,0,4,14,22,08/30/20
404,Papa Roach,"1,958,784,080",200,0,2,32,132,09/28/20
405,Jax Jones,"1,955,386,478",57,0,8,14,33,2010-01-20
406,Cage The Elephant,"1,952,297,174",129,0,4,31,82,09/28/20
407,EXO,"1,948,144,059",313,0,4,45,140,2009-07-20
408,The Cure,"1,943,471,879",605,0,5,17,168,06/29/20
409,Ski Mask The Slump God,"1,939,137,673",54,0,6,32,52,2010-01-20
410,Rick Ross,"1,927,483,358",221,0,3,35,171,2010-01-20
411,The Police,"1,923,277,015",131,0,4,15,77,09/30/20
412,Juan Magán,"1,921,458,820",211,0,5,37,102,09/27/20
413,Kenny Chesney,"1,921,411,695",281,0,2,40,162,09/28/20
414,Aventura,"1,918,667,311",128,0,6,29,97,2009-12-20
415,Norah Jones,"1,913,669,220",250,0,4,45,135,2010-02-20
416,LANY,"1,912,086,800",60,0,5,43,50,2010-02-20
417,Journey,"1,910,943,633",257,0,5,14,67,2010-02-20
418,DNCE,"1,910,855,377",27,0,4,15,25,09/29/20
419,Normani,"1,905,905,714",12,0,3,11,12,2010-02-20
420,Eric Church,"1,904,677,838",266,0,4,37,98,09/25/20
421,KYLE,"1,903,583,021",90,0,3,27,79,2010-02-20
422,Christian Nodal,"1,896,108,995",40,0,5,30,40,2010-01-20
423,Tim McGraw,"1,895,071,841",272,0,3,44,118,2010-02-20
424,Maren Morris,"1,892,115,311",54,0,4,18,39,2010-01-20
425,Soda Stereo,"1,890,038,709",199,0,4,33,166,09/19/20
426,Bonez MC,"1,887,515,031",168,0,3,49,97,09/28/20
427,Axwell /\ Ingrosso,"1,867,673,553",49,0,4,17,37,09/28/20
428,Nick Jonas,"1,860,917,599",74,0,5,19,57,09/28/20
429,The Game,"1,857,917,075",642,0,4,28,190,09/24/20
430,Breaking Benjamin,"1,854,169,784",104,0,2,47,98,09/25/20
431,Jesse & Joy,"1,854,134,538",111,0,5,31,87,09/25/20
432,Weezer,"1,853,302,946",259,0,4,33,153,09/30/20
433,B.o.B,"1,853,251,899",394,0,4,22,72,2010-02-20
434,Korn,"1,851,791,233",283,0,3,38,181,2009-12-20
435,TWICE,"1,844,861,960",133,0,4,32,117,2010-02-20
436,Destiny's Child,"1,843,188,721",163,0,5,16,78,2010-02-20
437,Calibre 50,"1,842,719,372",206,0,1,45,145,2009-12-20
438,Mau y Ricky,"1,842,119,403",39,0,5,23,37,09/26/20
439,Volbeat,"1,840,583,147",158,0,4,46,131,09/14/20
440,Ninho,"1,832,980,857",112,0,0,61,90,2010-02-20
441,Simon & Garfunkel,"1,830,625,720",167,0,5,18,116,09/29/20
442,AJR,"1,829,801,488",83,0,4,29,59,2010-01-20
443,Dimitri Vegas & Like Mike,"1,826,965,442",289,0,1,48,144,09/28/20
444,Eric Clapton,"1,820,146,773",613,0,4,19,175,2010-02-20
445,X Ambassadors,"1,819,302,568",95,0,4,25,73,09/29/20
446,ROSALÍA,"1,805,601,447",33,0,4,22,33,2010-02-20
447,The Fray,"1,801,581,257",100,0,4,22,57,09/30/20
448,Boyce Avenue,"1,797,524,285",349,0,0,43,257,09/26/20
449,Juan Gabriel,"1,793,540,893",477,0,1,45,203,09/16/20
450,Ha*Ash,"1,791,481,560",132,0,4,44,97,06/16/20
451,Depeche Mode,"1,788,340,212",752,0,3,27,232,09/30/20
452,Bee Gees,"1,787,534,572",448,0,4,22,91,2010-02-20
453,Hardwell,"1,787,496,874",398,0,0,44,167,2010-01-20
454,Rex Orange County,"1,777,834,366",38,0,4,29,37,09/29/20
455,Noah Cyrus,"1,776,566,202",56,0,4,24,48,2010-02-20
456,Christina Perri,"1,773,688,671",86,0,3,14,47,2010-01-20
457,PnB Rock,"1,767,323,518",102,0,3,28,83,09/29/20
458,Keith Urban,"1,766,517,001",202,0,3,34,106,09/28/20
459,Jimi Hendrix,"1,760,653,617",475,0,4,22,126,09/28/20
460,Aminé,"1,750,600,313",51,0,4,28,50,2010-02-20
461,Lil Tjay,"1,747,678,002",37,0,4,30,37,2010-02-20
462,Milky Chance,"1,746,276,046",58,0,4,27,55,2010-01-20
463,PNL,"1,744,380,092",72,0,1,57,72,2010-02-20
464,Rag'n'Bone Man,"1,743,058,877",94,0,3,18,61,09/28/20
465,Alec Benjamin,"1,739,596,447",29,0,3,23,28,2010-01-20
466,MØ,"1,735,677,573",114,0,3,27,77,09/21/20
467,Shinedown,"1,730,696,435",180,0,2,41,110,09/25/20
468,Mustard,"1,726,826,132",68,0,4,15,53,2010-01-20
469,The Beach Boys,"1,725,611,015","1,520",0,4,21,118,09/29/20
470,Paul McCartney,"1,723,199,571",712,0,3,16,115,2010-02-20
471,Of Monsters and Men,"1,717,942,382",60,0,4,26,49,09/30/20
472,Mabel,"1,716,111,851",102,0,4,17,55,2010-02-20
473,T-Pain,"1,703,717,776",216,0,3,22,98,2010-01-20
474,Calum Scott,"1,698,213,510",47,0,3,13,39,09/28/20
475,Trevor Daniel,"1,697,966,376",35,0,2,7,31,2007-02-20
476,Megan Thee Stallion,"1,687,743,584",72,0,5,20,49,2010-02-20
477,Ludovico Einaudi,"1,682,767,997",396,0,2,31,182,09/28/20
478,gnash,"1,682,340,707",72,0,1,21,55,09/21/20
479,ODESZA,"1,681,720,063",157,0,2,43,117,08/30/20
480,Carrie Underwood,"1,681,638,350",137,0,2,33,91,2010-02-20
481,Robbie Williams,"1,678,852,242",416,0,3,26,174,2010-02-20
482,Ben Howard,"1,677,745,464",70,0,3,34,64,09/28/20
483,A Day To Remember,"1,671,329,965",113,0,1,49,112,09/22/20
484,TOTO,"1,670,714,359",333,0,3,9,65,09/22/20
485,R.E.M.,"1,668,866,308",618,0,4,16,108,2010-02-20
486,Hollywood Undead,"1,659,449,545",135,0,1,56,113,09/20/20
487,Lunay,"1,657,505,670",30,0,5,16,29,2010-02-20
488,Van Morrison,"1,649,169,939",788,0,3,17,109,09/30/20
489,Desiigner,"1,648,971,300",41,0,2,13,36,09/28/20
490,Jeremy Zucker,"1,644,619,068",69,0,5,25,65,09/13/20
491,Ufo361,"1,637,692,809",200,0,0,48,146,2010-01-20
492,Maiara & Maraisa,"1,636,113,976",122,0,3,29,116,2010-02-20
493,Lynyrd Skynyrd,"1,634,726,005",422,0,3,12,61,09/30/20
494,Sublime,"1,632,365,860",208,0,2,25,102,09/27/20
495,Los Ángeles Azules,"1,631,428,671",285,0,3,40,110,08/24/20
496,Nacho,"1,630,560,779",76,0,5,20,39,08/30/20
497,Rage Against The Machine,"1,625,129,721",91,0,3,26,76,2010-01-20
498,Two Door Cinema Club,"1,614,676,474",140,0,3,26,87,09/28/20
499,Portugal. The Man,"1,614,084,479",154,0,1,25,87,2009-09-20
500,Pedro Capó,"1,613,320,803",68,0,2,10,32,2010-02-20
501,Joan Sebastian,"1,612,847,376",482,0,1,29,178,08/31/20
502,WALK THE MOON,"1,611,519,238",83,0,2,21,49,09/28/20
503,The Smiths,"1,608,087,053",154,0,3,34,104,2010-01-20
504,MC Kevinho,"1,606,229,092",54,0,3,27,44,2010-02-20
505,All Time Low,"1,597,146,417",202,0,1,38,146,2010-02-20
506,OMI,"1,596,670,950",38,1,2,7,26,09/29/20
507,The White Stripes,"1,596,194,587",162,0,3,15,100,09/28/20
508,Melendi,"1,596,023,544",198,0,1,38,186,09/27/20
509,"Earth, Wind & Fire","1,592,996,682",412,0,3,16,56,09/29/20
510,Sabrina Carpenter,"1,587,077,559",81,0,5,25,64,09/26/20
511,Chris Stapleton,"1,586,411,368",37,0,3,34,36,09/29/20
512,George Michael,"1,584,922,384",165,0,3,26,111,2010-02-20
513,Kollegah,"1,582,725,869",630,0,0,36,300,2010-01-20
514,Limp Bizkit,"1,581,891,259",145,0,5,21,90,2010-02-20
515,Brytiago,"1,581,601,880",59,0,5,28,50,2010-01-20
516,Don Diablo,"1,569,863,381",278,0,0,45,104,2010-02-20
517,NLE Choppa,"1,569,445,181",78,0,5,24,52,2010-02-20
518,Gryffin,"1,567,887,617",109,0,5,26,68,09/24/20
519,R. Kelly,"1,564,022,450",335,0,1,21,173,2009-09-20
520,Madison Beer,"1,561,014,809",35,0,7,20,27,2010-02-20
521,Nio Garcia,"1,559,107,727",91,0,3,14,57,09/21/20
522,Black Sabbath,"1,556,940,789",279,0,3,22,104,09/30/20
523,Vampire Weekend,"1,553,721,319",81,0,1,42,65,07/29/20
524,Mike WiLL Made-It,"1,549,506,274",122,0,5,22,65,2010-02-20
525,The Cranberries,"1,548,518,821",266,0,4,14,103,2010-01-20
526,Stormzy,"1,547,942,156",63,0,4,38,59,2010-02-20
527,GIMS,"1,546,691,137",150,0,2,32,126,09/28/20
528,Daryl Hall & John Oates,"1,543,232,919",483,0,4,10,55,2009-07-20
529,SAINt JHN,"1,538,340,902",39,0,1,17,39,09/30/20
530,Becky Hill,"1,537,436,064",134,0,6,14,52,09/27/20
531,Kodaline,"1,534,736,631",115,0,2,26,73,2009-11-20
532,Quinn XCII,"1,531,686,821",68,0,3,39,68,09/28/20
533,Luan Santana,"1,531,249,439",183,0,3,29,136,2010-01-20
534,Samra,"1,529,466,251",70,0,3,37,70,09/20/20
535,Cali Y El Dandee,"1,525,926,626",55,0,4,25,47,09/17/20
536,Wale,"1,525,531,683",290,0,2,32,130,2010-02-20
537,Willy William,"1,523,962,130",96,1,2,7,23,09/19/20
538,Duki,"1,517,317,300",74,0,4,28,69,09/30/20
539,Prince,"1,516,764,386",811,0,3,24,132,2010-02-20
540,Colbie Caillat,"1,516,019,356",115,0,3,15,87,09/30/20
541,Vicente Fernández,"1,511,895,992",816,0,0,29,248,09/24/20
542,The Kooks,"1,511,340,386",244,0,2,27,92,09/30/20
543,Shaggy,"1,511,270,936",345,0,5,18,82,09/29/20
544,Andy Grammer,"1,508,913,170",82,0,4,18,62,2009-11-20
545,Noriel,"1,505,431,044",75,0,3,32,70,09/30/20
546,Evanescence,"1,500,254,186",99,0,3,19,81,2010-02-20
547,Cosculluela,"1,493,976,249",118,0,3,21,80,2009-11-20
548,Olly Murs,"1,493,957,368",179,0,4,23,104,09/28/20
549,Bethel Music,"1,493,721,221",268,0,0,36,221,2010-02-20
550,De La Ghetto,"1,490,939,821",118,0,4,23,65,09/16/20
551,MARINA,"1,490,404,958",146,0,3,40,74,2010-02-20
552,Pharrell Williams,"1,487,926,908",119,0,2,15,64,07/18/20
553,3 Doors Down,"1,482,491,621",132,0,3,15,95,2010-02-20
554,Afrojack,"1,478,802,908",336,0,2,30,122,09/28/20
555,Jack Ü,"1,477,058,064",32,0,3,10,30,2009-11-20
556,Stefflon Don,"1,476,460,596",73,0,5,18,49,09/30/20
557,Astrid S,"1,476,374,666",99,0,3,32,69,09/28/20
558,Enya,"1,476,238,647",143,0,1,42,124,09/29/20
559,Ella Mai,"1,475,871,851",36,0,4,27,34,2010-02-20
560,Thirty Seconds To Mars,"1,470,641,133",102,0,4,28,72,09/28/20
561,MGMT,"1,469,244,934",83,0,3,17,53,09/29/20
562,George Strait,"1,469,243,336",438,0,0,35,176,09/28/20
563,Martin Solveig,"1,468,974,207",290,0,5,18,63,2010-01-20
564,Aloe Blacc,"1,466,889,269",182,0,3,16,53,09/28/20
565,Casper Magico,"1,464,206,588",79,0,2,15,45,07/25/20
566,Rod Stewart,"1,459,499,371",735,0,1,25,187,2010-02-20
567,Kontra K,"1,458,560,601",284,0,0,39,137,2010-01-20
568,Lil Dicky,"1,456,175,869",22,0,5,14,22,2010-01-20
569,Aretha Franklin,"1,452,084,368",839,0,3,18,101,2009-06-20
570,Mac DeMarco,"1,444,953,168",154,0,2,35,102,09/30/20
571,bbno$,"1,442,144,661",116,0,1,21,85,09/18/20
572,Zoé,"1,439,155,728",197,0,3,35,107,09/15/20
573,Marilyn Manson,"1,439,013,142",234,0,2,25,152,09/26/20
574,Martin Jensen,"1,437,940,102",64,0,3,17,35,09/29/20
575,Gerardo Ortiz,"1,437,782,388",227,0,0,31,160,06/29/20
576,Sabaton,"1,436,726,382",274,0,0,49,129,09/19/20
577,Polo G,"1,432,251,204",37,0,2,29,36,08/21/20
578,Anderson .Paak,"1,430,725,818",120,0,0,46,98,2010-01-20
579,Van Halen,"1,430,588,554",202,0,3,18,87,2009-07-20
580,Tee Grizzley,"1,429,287,201",113,0,3,21,96,2010-01-20
581,Nas,"1,428,571,559",305,0,2,31,157,2010-02-20
582,Rascal Flatts,"1,425,493,660",234,0,4,21,102,2009-11-20
583,Queens of the Stone Age,"1,415,334,180",173,0,1,35,105,09/26/20
584,Jessie Reyez,"1,413,169,839",56,0,2,21,48,2010-02-20
585,Rels B,"1,411,829,498",79,0,1,40,75,2009-11-20
586,TKKG,"1,410,989,452","4,731",0,0,0,26,07/27/20
587,Plan B,"1,409,940,061",62,0,4,19,52,09/29/20
588,Yo Gotti,"1,401,499,224",450,0,2,26,120,09/29/20
589,José José,"1,399,867,962",523,0,0,34,142,09/29/20
590,Louis Tomlinson,"1,398,120,268",42,0,2,16,27,2010-02-20
591,Ozzy Osbourne,"1,393,701,478",211,0,3,18,101,09/29/20
592,Summer Walker,"1,392,797,294",47,0,4,34,47,2010-02-20
593,Audioslave,"1,385,229,853",64,0,4,15,45,09/28/20
594,Jhay Cortez,"1,379,736,159",50,0,3,18,46,2010-02-20
595,Incubus,"1,371,262,103",231,0,3,26,124,09/22/20
596,Dierks Bentley,"1,370,086,331",136,0,3,23,78,09/29/20
597,Jarabe De Palo,"1,365,132,964",233,0,2,24,116,06/16/20
598,CHVRCHES,"1,364,953,055",116,0,2,30,72,09/28/20
599,M83,"1,364,243,699",247,0,2,15,103,2009-11-20
600,Ice Cube,"1,364,174,391",271,0,3,18,138,2010-01-20
601,Snow Patrol,"1,363,788,807",222,0,1,18,94,09/29/20
602,The Clash,"1,361,652,802",210,0,3,18,83,08/27/20
603,fun.,"1,361,027,787",48,0,3,17,31,09/24/20
604,Scorpions,"1,355,273,701",369,0,3,12,121,09/22/20
605,Nelly Furtado,"1,352,795,175",241,0,4,13,49,2010-02-20
606,Mike Perry,"1,352,101,947",29,0,2,16,28,2009-11-20
607,John Newman,"1,349,762,729",91,0,3,11,51,09/28/20
608,DJ Luian,"1,348,013,479",54,0,4,15,41,09/25/20
609,Yellow Claw,"1,346,818,477",215,0,2,25,107,2010-01-20
610,Yuridia,"1,346,039,755",170,0,0,25,133,06/16/20
611,The Smashing Pumpkins,"1,343,108,867",414,0,3,16,117,09/27/20
612,Joey Bada$$,"1,341,898,402",108,0,2,31,85,2010-02-20
613,Tainy,"1,339,108,365",21,0,3,8,14,2010-02-20
614,Arizona Zervas,"1,332,452,860",29,0,2,14,29,2010-02-20
615,Calle 13,"1,330,039,596",87,0,4,27,75,2009-11-20
616,Ciara,"1,329,872,384",164,0,3,21,85,09/30/20
617,Sido,"1,329,309,493",344,0,0,33,155,2009-07-20
618,Owl City,"1,328,250,302",140,0,2,21,100,09/29/20
619,Mr. Probz,"1,327,706,994",41,0,2,12,33,09/22/20
620,James TW,"1,327,680,971",30,0,3,18,30,09/28/20
621,Keane,"1,327,623,394",221,0,2,20,92,09/30/20
622,Sleeping At Last,"1,326,845,711",264,0,2,27,139,2009-11-20
623,Angus & Julia Stone,"1,326,491,192",153,0,3,25,88,09/28/20
624,Gente De Zona,"1,321,196,241",95,0,3,18,63,2009-11-20
625,Conor Maynard,"1,319,677,917",123,0,3,31,70,2009-11-20
626,Loud Luxury,"1,317,147,809",70,0,2,14,28,2010-01-20
627,MAGIC!,"1,315,939,317",53,0,2,12,39,09/29/20
628,Sfera Ebbasta,"1,314,718,856",62,0,0,38,61,2010-02-20
629,Westlife,"1,313,647,600",179,0,0,28,126,09/28/20
630,Daya,"1,310,370,579",36,0,4,15,31,2010-02-20
631,Thalía,"1,305,338,862",277,0,2,23,109,2010-02-20
632,Kiiara,"1,304,757,032",47,0,3,15,30,2009-05-20
633,Alan Jackson,"1,304,739,620",265,0,1,26,136,2009-11-20
634,The Who,"1,304,290,340",814,0,5,12,75,09/22/20
635,Glass Animals,"1,303,741,155",84,0,1,29,62,2010-02-20
636,Jasmine Thompson,"1,293,321,898",108,0,3,35,83,2010-01-20
637,Electric Light Orchestra,"1,293,199,684",296,0,2,15,105,08/31/20
638,Apache 207,"1,292,844,826",34,0,2,27,34,2009-05-20
639,Arcade Fire,"1,291,645,834",89,0,0,40,77,09/29/20
640,Dolly Parton,"1,290,543,982",972,0,3,11,112,09/30/20
641,Old Dominion,"1,283,425,162",66,0,6,21,46,09/29/20
642,Sara Bareilles,"1,280,171,824",153,0,3,19,103,09/30/20
643,Gigi D'Agostino,"1,280,117,137",360,0,2,6,23,2009-11-20
644,The National,"1,279,980,847",199,0,1,40,127,09/29/20
645,Bryant Myers,"1,276,732,739",79,0,2,34,67,09/21/20
646,Leona Lewis,"1,275,635,930",144,0,3,15,72,09/30/20
647,Santana,"1,272,319,384",600,0,3,17,108,09/28/20
648,MEDUZA,"1,271,069,173",31,0,3,5,18,2010-02-20
649,Lord Huron,"1,269,375,438",56,0,2,18,52,09/28/20
650,Swedish House Mafia,"1,267,997,263",37,0,4,14,26,2009-11-20
651,Tech N9ne,"1,267,712,599",441,0,0,23,212,09/19/20
652,Aya Nakamura,"1,262,614,727",46,0,3,22,46,2010-02-20
653,Damso,"1,260,439,525",69,0,0,43,69,2010-02-20
654,Frédéric Chopin,"1,260,436,180","10,307",0,0,16,178,06/23/20
655,deadmau5,"1,259,557,864",423,0,1,25,171,2009-11-20
656,KISS,"1,256,389,059",410,0,2,14,108,08/15/20
657,The Goo Goo Dolls,"1,252,114,928",269,0,2,12,64,09/28/20
658,Banda El Recodo,"1,241,870,249",608,0,0,28,146,07/23/20
659,Red Velvet,"1,238,594,201",108,0,3,20,95,2010-02-20
660,Oliver Heldens,"1,233,590,593",124,0,3,26,76,09/29/20
661,Jay Chou,"1,232,989,334",338,0,0,40,150,2010-02-20
662,Carlos Rivera,"1,228,372,247",166,0,1,26,103,2009-11-20
663,Nekfeu,"1,227,076,022",87,0,0,49,76,09/18/20
664,Quality Control,"1,226,743,021",65,0,2,26,59,2009-12-20
665,Lily Allen,"1,226,339,308",132,0,3,19,80,09/30/20
666,Summer Cem,"1,224,429,248",180,0,2,29,94,09/20/20
667,Taio Cruz,"1,223,058,691",154,0,3,13,40,2009-10-20
668,La Oreja de Van Gogh,"1,222,516,762",196,0,1,28,145,09/28/20
669,Tom Odell,"1,222,174,003",109,0,3,23,65,09/28/20
670,Chris Young,"1,221,403,866",92,0,3,19,68,09/28/20
671,Lady A,"1,218,677,026",181,0,1,20,106,08/27/20
672,DMX,"1,218,258,402",266,0,3,15,76,2009-11-20
673,Snakehips,"1,216,877,535",59,0,3,16,42,09/28/20
674,Joyner Lucas,"1,215,823,619",67,0,3,24,60,09/27/20
675,Jaden,"1,214,814,772",92,0,1,28,85,2010-01-20
676,The Jackson 5,"1,211,195,641",306,0,3,11,34,2010-02-20
677,Lil Durk,"1,208,540,455",264,0,1,20,174,2010-02-20
678,Goodboys,"1,206,363,523",23,0,3,5,11,09/15/20
679,Bullet For My Valentine,"1,205,304,847",172,0,1,31,94,2009-11-20
680,KHEA,"1,204,229,663",51,0,3,26,48,2010-02-20
681,Dynoro,"1,199,440,266",14,0,1,7,13,2010-02-20
682,The Pussycat Dolls,"1,199,424,769",79,0,4,14,44,2010-02-20
683,MKTO,"1,198,665,001",42,0,1,14,25,09/28/20
684,ANAVITÓRIA,"1,197,796,458",55,0,2,31,50,2010-02-20
685,Lalo Ebratt,"1,197,736,972",40,0,5,12,29,2009-11-20
686,Jack & Jack,"1,196,220,399",44,0,2,14,42,2009-11-20
687,Neil Young,"1,195,764,516",813,0,2,17,113,09/29/20
688,Dennis DJ,"1,193,926,601",215,0,3,26,113,2010-01-20
689,Sin Bandera,"1,191,284,660",115,0,4,20,74,2009-12-20
690,Showtek,"1,189,044,213",241,0,2,20,73,09/13/20
691,Niska,"1,189,011,181",78,0,1,38,78,09/28/20
692,Marco Antonio Solís,"1,187,052,988",194,0,0,29,129,06/21/20
693,iann dior,"1,183,095,116",39,0,3,21,37,2010-02-20
694,Paul Simon,"1,181,568,153",346,0,2,14,92,09/29/20
695,Cash Cash,"1,179,097,673",155,0,3,22,70,09/14/20
696,Mötley Crüe,"1,177,608,640",219,0,4,16,77,09/29/20
697,Luciano,"1,176,869,641",119,0,0,40,91,09/20/20
698,Brad Paisley,"1,176,457,053",210,0,1,30,113,09/28/20
699,Nipsey Hussle,"1,175,403,188",269,0,1,23,121,09/30/20
700,Oh Wonder,"1,174,304,405",57,0,2,24,53,09/28/20
701,David Bisbal,"1,172,822,292",268,0,1,22,105,09/29/20
702,Sting,"1,171,559,796",437,0,3,15,162,2010-02-20
703,Beret,"1,171,271,694",41,0,2,29,40,2009-11-20
704,Kris Kross Amsterdam,"1,167,475,401",29,0,2,10,19,2009-11-20
705,Chief Keef,"1,167,335,389",512,0,2,17,133,09/30/20
706,Ali Gatie,"1,165,571,315",24,0,3,10,23,2010-01-20
707,Leon Bridges,"1,162,453,870",54,0,3,26,54,09/28/20
708,Sufjan Stevens,"1,159,479,046",365,0,1,20,145,09/28/20
709,Darell,"1,158,725,483",94,0,3,22,68,2010-01-20
710,Ramin Djawadi,"1,158,597,986",803,0,0,20,235,2009-03-20
711,Seether,"1,156,985,024",168,0,3,23,103,09/28/20
712,Alice In Chains,"1,156,856,012",135,0,2,19,100,09/26/20
713,M.I.A.,"1,156,347,432",107,0,3,11,67,08/14/20
714,Lil Xan,"1,155,307,244",65,0,2,16,47,09/20/20
715,Jorja Smith,"1,155,065,686",44,0,3,25,39,2010-02-20
716,Morgan Wallen,"1,154,606,904",32,0,4,20,31,2010-01-20
717,Ella Fitzgerald,"1,151,710,291","1,964",0,1,15,129,09/25/20
718,Wham!,"1,150,869,144",34,0,2,7,26,09/28/20
719,Fergie,"1,150,584,693",76,0,4,10,41,09/30/20
720,Dave,"1,148,156,469",38,0,2,22,38,2009-03-20
721,Mambo Kingz,"1,147,707,988",34,0,4,9,12,09/25/20
722,Charlie Brown Jr.,"1,143,326,852",239,0,0,26,140,2010-02-20
723,Gwen Stefani,"1,142,581,026",95,0,2,14,59,09/30/20
724,Mon Laferte,"1,141,889,967",105,0,2,23,83,2010-02-20
725,Simple Plan,"1,141,599,933",123,0,4,24,85,09/22/20
726,a-ha,"1,141,579,371",424,0,1,10,62,2010-02-20
727,Kevin Roldan,"1,140,978,411",95,0,1,26,68,09/24/20
728,Los Tigres Del Norte,"1,138,011,352",644,0,0,22,188,09/27/20
729,Denzel Curry,"1,136,629,814",94,0,2,30,76,2010-02-20
730,MAX,"1,136,183,753",128,0,2,20,62,2010-02-20
731,Dennis Lloyd,"1,135,741,766",25,0,3,14,24,2006-07-20
732,Lee Brice,"1,135,220,817",78,0,4,12,57,2010-02-20
733,*NSYNC,"1,132,257,347",87,0,4,12,67,2010-02-20
734,Salaam Remi,"1,129,277,124",156,1,1,2,7,2010-01-20
735,Tom Walker,"1,127,830,012",82,0,3,17,49,09/28/20
736,Emeli Sandé,"1,124,778,952",160,0,3,18,76,09/28/20
737,Stromae,"1,122,441,986",49,0,4,19,38,09/19/20
738,Booba,"1,120,660,085",185,0,0,30,151,09/28/20
739,Tinie Tempah,"1,120,392,920",124,0,2,20,57,2010-02-20
740,Sade,"1,119,616,271",104,0,2,26,103,2010-02-20
741,Blueface,"1,118,224,078",74,0,3,21,57,2010-01-20
742,Yusuf / Cat Stevens,"1,115,166,867",267,0,2,17,58,2009-11-20
743,Jon Pardi,"1,115,026,132",62,0,4,14,44,09/30/20
744,Kacey Musgraves,"1,112,852,507",103,0,0,28,66,2010-01-20
745,Roxette,"1,110,113,089",293,0,3,14,77,2010-02-20
746,Nina Simone,"1,109,887,986",502,0,1,15,101,09/25/20
747,Ferrugem,"1,106,762,355",107,0,1,25,96,2010-02-20
748,Rich Brian,"1,106,310,802",48,0,2,27,46,2010-02-20
749,RAYE,"1,105,233,555",60,0,2,14,36,09/30/20
750,Lupe Fiasco,"1,102,515,800",165,0,2,15,115,2010-01-20
751,Brantley Gilbert,"1,102,428,775",114,0,1,25,82,09/29/20
752,Moby,"1,101,749,430","1,040",0,1,20,145,09/24/20
753,Dermot Kennedy,"1,099,623,217",46,0,2,25,39,09/28/20
754,Shania Twain,"1,099,082,886",167,0,2,17,94,2010-01-20
755,Camila,"1,098,272,272",94,0,2,20,62,2009-10-20
756,El Alfa,"1,098,061,666",141,0,1,24,83,09/13/20
757,will.i.am,"1,097,486,565",108,0,4,12,38,2010-02-20
758,Max Richter,"1,097,184,864",850,0,0,17,130,09/28/20
759,Jeezy,"1,095,469,116",419,0,1,17,169,2008-11-20
760,Chayanne,"1,095,277,624",242,0,1,22,87,09/15/20
761,Tori Kelly,"1,090,958,131",78,0,2,17,65,2010-02-20
762,Kungs,"1,088,844,049",29,0,1,9,26,2009-11-20
763,ZHU,"1,088,766,469",116,0,2,25,76,2009-11-20
764,Sean Kingston,"1,085,739,728",100,0,3,16,39,2009-11-20
765,The Head and the Heart,"1,082,948,987",77,0,2,20,62,2009-11-20
766,Michael Silverman,"1,082,130,319",723,0,0,30,146,2006-06-20
767,Natalia Lafourcade,"1,079,788,674",149,0,1,19,99,2010-02-20
768,MNEK,"1,077,358,050",84,0,2,6,23,09/28/20
769,Lil Kleine,"1,073,897,146",96,0,0,35,76,09/29/20
770,Lionel Richie,"1,073,417,117",253,0,4,10,65,09/29/20
771,Bill Withers,"1,068,142,739",98,0,3,9,51,09/28/20
772,Ella Eyre,"1,066,657,658",81,0,4,12,47,09/28/20
773,Bruno Martini,"1,066,384,697",76,0,2,12,30,2010-01-20
774,Olexesh,"1,066,086,481",262,0,1,10,129,2010-01-20
775,Beastie Boys,"1,065,330,571",291,0,2,14,138,2009-09-20
776,A R I Z O N A,"1,065,117,280",59,0,2,21,46,2009-11-20
777,Kaskade,"1,065,105,091",515,0,0,29,158,2010-01-20
778,Louis Armstrong,"1,064,220,170","1,994",0,3,11,94,05/22/20
779,Alvaro Soler,"1,061,910,440",73,0,2,13,54,2010-02-20
780,Disciples,"1,060,242,490",68,0,1,12,32,2009-11-20
781,Don Toliver,"1,058,276,512",48,0,3,14,37,2010-01-20
782,John Lennon,"1,057,104,722",192,0,3,14,60,2010-02-20
783,TLC,"1,054,990,635",170,0,3,9,44,2010-02-20
784,Tracy Chapman,"1,054,188,402",89,0,3,11,73,2010-01-20
785,Famous Dex,"1,053,656,786",131,0,2,9,56,09/27/20
786,AWOLNATION,"1,051,326,797",94,0,1,17,63,09/28/20
787,Natiruts,"1,050,158,098",198,0,0,26,131,2010-02-20
788,Blur,"1,048,865,774",389,0,1,17,78,09/30/20
789,Brett Young,"1,048,733,655",65,0,4,13,38,09/25/20
790,Icona Pop,"1,047,185,624",159,0,2,15,58,09/26/20
791,Bing Crosby,"1,047,043,447","1,219",0,1,22,60,09/20/20
792,Río Roma,"1,046,429,732",88,0,1,23,68,09/17/20
793,MadeinTYO,"1,045,519,682",64,0,4,15,51,2009-11-20
794,Beck,"1,045,270,717",262,0,1,20,125,09/14/20
795,Timmy Trumpet,"1,043,935,325",145,0,1,22,74,2009-11-20
796,Petit Biscuit,"1,042,411,862",65,0,1,18,45,09/29/20
797,La Adictiva Banda San José de Mesillas,"1,041,044,869",73,0,2,21,58,2010-01-20
798,Alex Rose,"1,040,372,556",55,0,2,22,45,2010-01-20
799,Foals,"1,040,244,482",169,0,2,24,76,09/30/20
800,Banda Los Recoditos,"1,039,751,961",225,0,1,21,103,2009-11-20
801,Alina Baraz,"1,035,962,457",65,0,2,21,53,09/14/20
802,C. Tangana,"1,035,166,394",55,0,2,20,55,2010-01-20
803,Nat King Cole,"1,034,661,159","1,059",0,1,18,89,09/28/20
804,Otis Redding,"1,034,633,302",245,0,2,15,79,05/15/20
805,Sofia Reyes,"1,031,910,890",36,0,2,12,29,2010-01-20
806,Alan Menken,"1,028,911,202",116,0,5,10,29,2009-11-20
807,Imanbek,"1,026,966,523",17,0,1,6,11,09/15/20
808,Dido,"1,026,345,215",187,0,3,10,75,09/29/20
809,Wolfgang Amadeus Mozart,"1,025,172,776","13,936",0,0,4,139,05/18/20
810,El Fantasma,"1,024,726,305",136,0,0,26,118,08/28/20
811,Lenny Kravitz,"1,024,620,044",271,0,2,15,84,09/26/20
812,Juicy J,"1,023,902,542",251,0,0,23,75,07/19/20
813,KSHMR,"1,023,706,063",115,0,1,30,83,09/28/20
814,Bea Miller,"1,022,568,890",42,0,2,20,37,09/24/20
815,Phoenix,"1,022,372,858",132,0,3,20,68,09/30/20
816,Tungevaag,"1,020,093,827",76,0,3,22,39,2009-06-20
817,Dean Martin,"1,019,966,638",662,0,1,16,101,2010-02-20
818,Mc Livinho,"1,019,606,992",113,0,2,21,77,2010-01-20
819,Yung Gravy,"1,019,389,449",54,0,2,21,52,08/17/20
820,Mary J. Blige,"1,019,164,045",379,0,1,22,119,09/29/20
821,Death Cab for Cutie,"1,017,882,732",188,0,1,27,107,09/24/20
822,Willie Nelson,"1,015,323,573","1,426",0,1,15,99,2009-09-20
823,Jowell & Randy,"1,014,493,812",145,0,1,16,69,2009-10-20
824,SEVENTEEN,"1,013,341,307",108,0,0,25,96,2010-02-20
825,Cyndi Lauper,"1,010,724,301",274,0,3,6,20,2010-02-20
826,Talking Heads,"1,009,873,334",212,0,2,17,107,06/20/20
827,Maggie Lindemann,"1,009,784,648",17,0,1,10,15,2010-01-20
828,Miranda Lambert,"1,008,341,995",129,0,0,19,111,2010-02-20
829,Gustavo Mioto,"1,007,218,037",69,0,3,18,49,2010-02-20
830,Kelly Rowland,"1,006,899,051",133,0,3,10,45,2010-01-20
831,Frenna,"1,006,175,542",110,0,0,33,85,09/29/20
832,Stone Sour,"1,005,121,175",149,0,1,14,98,09/30/20
833,Shelley FKA DRAM,"1,004,899,780",74,0,1,9,42,06/23/20
834,BlocBoy JB,"1,003,314,968",77,0,1,6,32,09/22/20
835,Nicky Romero,"1,001,616,690",315,0,1,19,104,09/28/20
836,Roy Woods,"1,001,563,165",55,0,1,27,50,2010-01-20
837,UB40,"1,001,397,086",408,0,3,14,71,2010-02-20
838,Olivia O'Brien,"1,001,322,592",39,0,2,17,35,2010-02-20
839,Chet Faker,"998,746,669",38,0,4,19,34,2009-09-20
840,KALEO,"998,563,150",27,0,3,15,17,2009-09-20
841,Iron & Wine,"997,570,342",194,0,2,15,116,2009-09-20
842,Simone & Simaria,"994,791,830",105,0,3,16,65,2010-02-20
843,Craig David,"994,012,242",175,0,1,18,88,09/27/20
844,Duke Dumont,"993,503,883",105,0,2,13,41,09/28/20
845,Jake Owen,"993,293,893",82,0,1,16,67,09/29/20
846,BloodPop®,"991,485,681",11,0,2,6,9,09/14/20
847,Andrea Bocelli,"991,444,573",768,0,1,14,152,09/28/20
848,Gzuz,"989,758,349",77,0,0,28,77,2008-07-20
849,Jacquees,"989,507,721",119,0,2,18,96,2010-02-20
850,Ludacris,"988,091,985",203,0,0,21,103,2010-02-20
851,Kylie Minogue,"985,297,181",905,0,1,17,115,2010-02-20
852,Ruth B.,"984,217,235",29,0,2,12,22,09/28/20
853,Dave Matthews Band,"984,096,538","1,001",0,1,17,139,09/28/20
854,The Temptations,"983,524,383",678,0,1,10,47,2010-02-20
855,Spice Girls,"983,136,325",100,0,1,10,35,2010-02-20
856,Gustavo Cerati,"981,206,695",155,0,1,20,94,2009-09-20
857,Lil Jon,"979,299,108",138,0,2,9,39,2009-09-20
858,Conan Gray,"977,995,051",20,0,2,17,20,2010-02-20
859,Alfredo Olivas,"976,785,479",102,0,0,25,87,2009-07-20
860,Timbaland,"976,008,403",165,0,2,13,59,09/30/20
861,Los Temerarios,"973,992,869",323,0,0,33,114,09/21/20
862,London Grammar,"973,639,731",104,0,2,23,58,09/28/20
863,ZZ Top,"972,827,055",267,0,3,11,79,2008-10-20
864,The All-American Rejects,"971,833,517",102,0,3,8,54,09/30/20
865,A Tribe Called Quest,"971,799,152",147,0,1,27,103,2009-09-20
866,Dustin Lynch,"971,505,174",68,0,1,14,56,09/21/20
867,Smokepurpp,"968,463,259",103,0,2,20,74,09/30/20
868,Lykke Li,"967,514,837",112,0,1,18,66,09/28/20
869,Bruno & Marrone,"967,269,999",386,0,0,17,166,09/30/20
870,Counting Crows,"966,738,627",193,0,2,10,61,09/28/20
871,Chelsea Cutler,"965,687,395",63,0,2,22,59,2009-12-20
872,Missy Elliott,"965,194,329",144,0,4,17,56,09/28/20
873,Cole Swindell,"964,815,517",75,0,1,17,61,09/29/20
874,Empire of the Sun,"964,648,417",119,0,3,9,51,09/28/20
875,Tears For Fears,"964,230,341",200,0,2,10,45,09/29/20
876,Lindsey Stirling,"963,520,625",119,0,0,33,96,2009-11-20
877,Cro,"961,000,497",110,0,0,25,90,09/17/20
878,BIGBANG,"960,995,005",400,0,1,20,57,2010-02-20
879,Laura Pausini,"960,250,772",471,0,0,16,157,09/28/20
880,Dilsinho,"959,774,915",116,0,1,21,93,2010-01-20
881,Wu-Tang Clan,"959,679,487",346,0,1,15,107,06/15/20
882,Lucas Lucco,"957,656,482",213,0,0,24,133,06/14/20
883,Skepta,"955,708,581",168,0,0,24,96,09/30/20
884,A Great Big World,"955,234,798",56,0,1,11,30,2009-09-20
885,Pixies,"953,692,432",251,0,1,12,90,08/30/20
886,Café Tacvba,"953,174,982",165,0,1,19,107,2009-09-20
887,Toby Keith,"951,471,585",280,0,0,19,75,2008-08-20
888,Dillon Francis,"950,099,040",188,0,2,21,97,2010-01-20
889,Grateful Dead,"949,736,779","3,517",0,0,12,112,2010-02-20
890,LMFAO,"948,505,404",68,0,3,10,32,09/21/20
891,AJ Tracey,"947,446,307",68,0,1,23,57,09/28/20
892,Guè Pequeno,"945,752,659",221,0,0,26,135,09/25/20
893,Lauren Daigle,"945,650,598",54,0,1,28,51,09/18/20
894,Grouplove,"945,451,410",108,0,1,12,61,2009-09-20
895,Chencho Corleone,"945,093,004",13,0,4,10,12,09/29/20
896,Mura Masa,"945,016,688",64,0,1,17,56,08/14/20
897,DVBBS,"944,665,176",102,0,2,19,63,08/14/20
898,Powfu,"944,449,240",48,0,1,7,48,09/29/20
899,Nico & Vinz,"941,943,109",41,0,2,7,29,09/14/20
900,A$AP Mob,"941,040,106",34,0,2,26,34,09/25/20
901,MC Kevin o Chris,"936,929,437",120,0,3,19,66,2010-02-20
902,Bonobo,"936,472,740",159,0,0,26,121,09/28/20
903,Two Feet,"935,909,136",31,0,3,13,27,09/17/20
904,Ultimo,"934,611,670",47,0,0,26,47,2010-02-20
905,Tom Petty,"933,954,307",133,0,3,9,50,2009-07-20
906,Brett Eldredge,"932,172,943",71,0,1,14,58,09/28/20
907,Bushido,"931,552,690",383,0,0,28,154,08/26/20
908,Gemitaiz,"930,849,426",137,0,0,28,96,09/15/20
909,Ezhel,"929,938,629",49,0,0,27,45,2010-02-20
910,Young the Giant,"928,239,197",79,0,1,18,62,2009-09-20
911,Greeicy,"928,076,357",46,0,2,21,40,2010-02-20
912,BØRNS,"928,046,104",48,0,1,17,40,09/28/20
913,Robin Thicke,"926,900,172",169,0,1,9,65,2010-02-20
914,AlunaGeorge,"926,640,194",104,0,1,15,56,09/28/20
915,Jay Rock,"926,441,324",65,0,1,9,40,09/29/20
916,Tinashe,"926,164,243",103,0,1,19,80,2010-02-20
917,Nimo,"925,692,402",119,0,0,22,93,09/28/20
918,Deftones,"924,767,138",129,0,0,20,108,09/30/20
919,Capo Plaza,"923,639,890",46,0,0,26,39,09/24/20
920,Gotye,"923,499,055",77,0,1,6,24,09/27/20
921,Moneybagg Yo,"922,729,166",225,0,0,20,147,09/29/20
922,Sam Cooke,"922,235,776",322,0,2,10,62,09/25/20
923,Alanis Morissette,"921,515,182",279,0,2,12,81,2009-07-20
924,Tom Petty and the Heartbreakers,"921,096,912",307,0,3,14,74,09/22/20
925,Catfish and the Bottlemen,"919,333,581",40,0,0,26,37,09/28/20
926,KC Rebell,"919,053,877",211,0,0,27,94,09/24/20
927,GoldLink,"918,850,158",77,0,1,20,57,09/28/20
928,José González,"917,110,611",84,0,2,17,54,09/24/20
929,Veronica Maggio,"916,206,115",93,0,0,27,74,2009-08-20
930,Nick Cave & The Bad Seeds,"914,549,754",442,0,0,13,171,2005-04-20
931,Pantera,"914,499,182",160,0,2,17,77,09/25/20
932,Clairo,"914,031,997",25,0,2,18,25,2010-02-20
933,Will Smith,"913,954,072",99,0,4,11,38,09/29/20
934,Megadeth,"913,367,950",414,0,1,13,149,09/28/20
935,Soundgarden,"913,352,402",301,0,1,11,68,09/26/20
936,John Denver,"912,570,576",549,0,1,10,63,2009-08-20
937,Marc E. Bassy,"910,458,307",68,0,2,15,59,09/27/20
938,Boef,"910,220,434",80,0,0,30,79,09/29/20
939,Arijit Singh,"909,583,410",233,0,0,24,117,2010-02-20
940,Bunbury,"909,410,338",384,0,0,13,153,06/14/20
941,The Wombats,"909,051,623",141,0,1,19,64,09/19/20
942,Tina Turner,"908,579,350",210,0,1,14,58,2010-02-20
943,RIN,"906,622,816",52,0,1,24,51,2010-01-20
944,Los Enanitos Verdes,"906,379,924",207,0,2,14,81,09/21/20
945,Johann Sebastian Bach,"905,888,868","16,514",0,0,6,103,05/16/20
946,Salmo,"905,554,486",122,0,1,24,65,2010-01-20
947,Cristian Castro,"905,175,665",250,0,0,20,101,09/13/20
948,Leonard Cohen,"904,919,934",344,0,0,20,158,09/28/20
949,Modest Mouse,"902,615,111",193,0,1,14,118,09/28/20
950,The Kinks,"900,406,103",702,0,3,11,62,09/30/20
951,Melim,"899,503,502",59,0,2,23,55,2010-01-20
952,Foreigner,"898,970,023",287,0,2,10,47,2010-01-20
953,MIKA,"898,921,778",266,0,1,16,82,2010-02-20
954,Supertramp,"898,911,994",149,0,3,12,67,2009-09-20
955,Projota,"897,975,996",73,0,0,21,70,2010-02-20
956,Starley,"897,514,076",55,0,1,5,23,09/24/20
957,Brando,"897,016,954",31,0,1,6,13,2009-08-20
958,EDEN,"896,951,152",56,0,2,20,51,09/15/20
959,Vince Staples,"895,820,186",68,0,2,18,63,2010-01-20
960,Eurythmics,"895,436,057",220,0,1,10,32,09/30/20
961,Parson James,"894,317,114",30,0,1,8,17,09/28/20
962,BANKS,"893,231,048",75,0,1,29,54,09/28/20
963,Robyn,"891,892,610",271,0,1,18,76,09/30/20
964,Jamiroquai,"891,356,017",182,0,1,16,108,09/28/20
965,James Blake,"890,304,939",95,0,1,21,75,2010-01-20
966,Håkan Hellström,"890,098,921",195,0,0,21,145,2009-08-20
967,HONNE,"887,863,338",96,0,0,22,69,2010-01-20
968,Cher,"887,810,022",405,0,2,13,56,2010-02-20
969,Aitana,"886,765,868",43,0,1,17,42,2010-02-20
970,Kelsea Ballerini,"886,522,756",75,0,0,18,56,09/30/20
971,Thiaguinho,"885,152,632",169,0,0,32,134,2010-02-20
972,beabadoobee,"884,799,084",44,0,1,4,31,2010-02-20
973,Sleeping With Sirens,"883,476,523",95,0,0,23,88,09/30/20
974,AOA,"883,416,062",104,0,1,7,22,2010-01-20
975,Yiruma,"882,394,009",212,0,1,9,100,09/21/20
976,24kGoldn,"882,138,144",30,0,3,11,21,2010-01-20
977,Godsmack,"881,780,733",112,0,1,17,92,2009-12-20
978,Gloria Trevi,"881,611,003",286,0,0,22,116,09/30/20
979,No Doubt,"881,544,635",123,0,2,13,51,2010-02-20
980,Pabllo Vittar,"881,014,438",71,0,1,24,48,2009-01-20
981,Young Dolph,"879,481,754",397,0,0,19,131,08/31/20
982,Darius Rucker,"878,665,897",101,0,1,13,68,09/27/20
983,Gavin DeGraw,"878,400,709",115,0,2,14,76,2010-01-20
984,Fat Joe,"875,563,334",205,0,3,12,51,2009-11-20
985,Pierce The Veil,"874,974,406",65,0,1,25,61,09/30/20
986,Ludmilla,"873,942,897",101,0,0,24,87,2010-02-20
987,Matchbox Twenty,"870,890,232",73,0,2,14,59,2009-08-20
988,American Authors,"870,701,582",58,0,1,12,43,09/28/20
989,Stray Kids,"869,280,208",85,0,0,22,78,2009-05-20
990,Franz Ferdinand,"867,703,479",180,0,1,11,66,09/28/20
991,Bryce Vine,"864,334,644",61,0,2,17,40,09/29/20
992,TINI,"864,137,527",53,0,1,16,46,2010-02-20
993,Surfaces,"863,994,913",45,0,1,11,39,2010-01-20
994,Pepe Aguilar,"862,687,703",299,0,1,15,105,05/28/20
995,NEFFEX,"862,653,710",141,0,0,18,121,08/25/20
996,Dadju,"862,432,543",68,0,0,27,65,09/27/20
997,Kina,"862,149,371",24,0,2,6,15,09/28/20
998,Vintage Culture,"860,390,019",136,0,0,27,76,2010-02-20
999,Theory of a Deadman,"859,689,741",118,0,2,14,82,09/16/20
1000,Marian Hill,"859,380,395",59,0,2,8,42,09/28/20
